pair,length,mutations,identity_pct,rmsd,ca_count
pair_6CKD_6CKF,36,0,100.0,1.309,720
pair_7ROI_7RO4,157,0,100.0,0.159,94
pair_2L6C_2L6D,110,0,100.0,1.803,2080
pair_2L8N_2LCV,67,0,100.0,1.331,517
pair_8DN9_8DNA,264,0,100.0,0.411,264
pair_6FFU_6FFQ,86,0,100.0,1.494,1720
pair_8A01_8A03,239,0,100.0,0.607,717
pair_2M6Q_1PQX,91,0,100.0,1.219,910
pair_7XGZ_7XPB,520,0,100.0,1.347,1792
pair_2MHV_2KCN,55,0,100.0,1.966,1100
pair_2MI9_2MIA,30,0,100.0,0.795,600
pair_7WL8_7WL2,780,0,100.0,0.324,1330
pair_2MO0_2MO1,68,0,100.0,1.194,1360
pair_2KA3_2OII,162,0,100.0,0.506,3930
pair_2MTT_2MTU,13,0,100.0,1.886,260
pair_2N7P_2NB4,105,0,100.0,1.657,2100
pair_2RLG_2RLH,18,0,100.0,1.893,180
pair_2RO3_2FY9,54,0,100.0,1.306,1080
pair_2ROG_2ROE,66,0,100.0,1.685,1320
pair_2YT2_2KUQ,153,0,100.0,0.5,3060
pair_3IXW_3IXV,626,0,100.0,1.476,7512
pair_1ATD_1ATE,62,0,100.0,1.648,1984
pair_7KTU_7KTW,1142,0,100.0,1.715,995
pair_7FEB_7FEC,336,0,100.0,0.414,3024
pair_8WB7_8WB6,240,0,100.0,0.946,102
pair_4CKH_4CKG,382,0,100.0,1.872,1460
pair_2K2P_2N4C,85,0,100.0,1.783,1280
pair_2AAP_1ZJQ,34,0,100.0,1.518,680
pair_9K2H_8IOM,205,0,100.0,0.419,194
pair_9JKA_9JK7,527,0,100.0,0.43,2172
pair_1DJF_1DN3,15,0,100.0,1.532,15
pair_9H5G_9H5J,352,0,100.0,0.945,432
pair_6RW8_6YEY,2523,0,100.0,0.504,11685
pair_6RW9_6YEW,2469,0,100.0,0.529,11425
pair_1HCE_1HCD,118,0,100.0,1.401,118
pair_1HO7_1HO2,20,0,100.0,1.174,20
pair_1JBN_1O8Z,14,0,100.0,1.26,280
pair_5UCE_5UCF,56,0,100.0,1.824,560
pair_2K1E_2KB1,103,0,100.0,0.213,8240
pair_9FHP_6RTK,202,0,100.0,0.79,419
pair_1O7C_1O7B,98,0,100.0,1.6,1960
pair_2BGP_2BGO,140,0,100.0,1.837,580
pair_2JWL_2JWK,74,0,100.0,0.941,2960
pair_6X8T_6X8M,314,0,100.0,0.322,280
pair_2J53_2J52,56,0,100.0,0.177,56
pair_2JS9_2JSA,99,0,100.0,1.137,1215
pair_2JZQ_2LWZ,57,0,100.0,1.742,1140
pair_9CHS_9CHQ,784,0,100.0,0.399,1172
pair_2JTS_2JTR,85,0,100.0,1.352,1785
pair_8PBX_8PBY,2563,1,99.96,1.074,2187
pair_4U4J_4U48,1647,1,99.94,0.384,1538
pair_7PDH_7PDD,1550,1,99.94,1.067,577
pair_3HQV_3HR2,2146,2,99.91,1.429,3134
pair_3HR2_3HQV,2146,2,99.91,1.429,3134
pair_8H96_8H94,1933,2,99.9,0.602,1405
pair_7DRS_7DRR,771,1,99.87,0.568,3084
pair_4BK5_4BKA,797,1,99.87,1.793,643
pair_8JTW_8JTY,737,1,99.86,0.86,566
pair_8DEC_8DEE,1317,2,99.85,0.123,4000
pair_8V2S_8V2R,607,1,99.84,0.249,368
pair_4V3N_4V3A,577,1,99.83,0.587,13160
pair_3J1T_3J1U,1143,2,99.83,1.751,1030
pair_9GAY_9GAZ,553,1,99.82,0.4,2877
pair_9GAZ_9GAY,553,1,99.82,0.4,2877
pair_1GGB_1GGC,501,1,99.8,0.609,430
pair_8DKX_8DKW,1001,2,99.8,0.418,553
pair_6SN5_6SN9,1814,4,99.78,1.906,1518
pair_8WWN_8WWK,2129,5,99.77,1.566,1160
pair_9LDR_9KY5,1248,3,99.76,1.151,935
pair_1CAU_1CAV,415,1,99.76,0.844,365
pair_1CAW_1CAV,415,1,99.76,1.065,365
pair_6LB1_6LBO,804,2,99.75,0.322,689
pair_6LBQ_6LB1,804,2,99.75,0.322,689
pair_7ZCH_7ZCG,379,1,99.74,0.672,306
pair_7ZCG_7ZCH,379,1,99.74,0.672,306
pair_8TDM_8TDK,741,2,99.73,1.173,3269
pair_9IVR_9IVS,293,1,99.66,1.732,2460
pair_6AJL_6AJ4,560,2,99.64,0.502,1812
pair_6AJ4_6AJL,560,2,99.64,0.502,1812
pair_7VAG_7VAD,985,4,99.59,0.649,743
pair_7VAD_7VAG,985,4,99.59,0.649,743
pair_7UV8_7UVC,460,2,99.57,0.361,470
pair_3L0W_3L10,431,2,99.54,1.04,329
pair_3L10_3L0W,431,2,99.54,1.04,329
pair_8HHH_8HHG,653,3,99.54,0.538,409
pair_1FAI_2F19,507,3,99.41,0.558,435
pair_2F19_1FAI,507,3,99.41,0.558,435
pair_5U9A_5U9K,169,1,99.41,0.449,155
pair_5U9K_5U9A,169,1,99.41,0.449,155
pair_8W5P_8W5V,502,3,99.4,0.641,473
pair_8W5V_8W5P,502,3,99.4,0.641,473
pair_8W5U_8W5V,502,3,99.4,0.818,473
pair_8GCN_9B4Y,974,6,99.38,0.718,919
pair_3VOD_3VOE,144,1,99.31,0.134,271
pair_2O94_2H8N,112,1,99.11,0.699,272
pair_2H8N_2O94,112,1,99.11,0.699,272
pair_2MMX_2MKW,111,1,99.1,1.651,2220
pair_1E1W_1HJM,104,1,99.04,1.226,104
pair_2LWE_2LWD,100,1,99.0,1.663,1920
pair_2LWD_2LWE,100,1,99.0,1.663,1920
pair_1A1W_1A1Z,91,1,98.9,0.969,83
pair_6E4J_6NS8,80,1,98.75,1.832,1440
pair_6NS8_6E4J,80,1,98.75,1.832,1440
pair_1YJR_1YJU,75,1,98.67,1.985,2250
pair_2LTB_2LTC,135,2,98.52,1.636,1350
pair_2LHE_2KDM,56,1,98.21,1.34,1120
pair_7NXI_7PGD,55,1,98.18,1.288,1100
pair_8GBD_8GBC,84,2,97.62,1.987,1260
pair_2MLA_2MLD,37,1,97.3,1.233,740
pair_2LZX_2LQA,37,1,97.3,1.13,740
pair_8CJP_8CIQ,35,1,97.14,1.32,350
pair_2LX2_2LX3,67,3,95.52,0.789,1340
pair_2LX3_2LX2,67,3,95.52,0.789,1340
pair_2M78_2M79,18,1,94.44,0.91,360
pair_6PIP_6PIO,18,1,94.44,1.116,360
pair_8CJQ_8CJP,35,2,94.29,1.475,350
pair_2KOZ_2KP0,33,2,93.94,1.767,825
pair_1JMN_1JMP,46,3,93.48,1.949,920
pair_7BZA_7BZ7,15,1,93.33,0.556,300
pair_7BZ7_7BZA,15,1,93.33,0.556,300
pair_9GDN_9G32,25,2,92.0,1.6,250
pair_2M50_5T3M,35,4,88.57,1.994,700
