pair_id,wt_id,mut_id,num_mutations,embedding_distance,structural_distance,mutations
7UVC_7UV8,7UVC,7UV8,2,0.10748785,1.6605039834976196,"L43P,C1558"
6LBQ_6LB1,6LBQ,6LB1,2,0.038202096,0.38584572076797485,"Q2311,Q5271"
3VOD_3VOE,3VOD,3VOE,1,0.13201351,56.64934158325195,S80C
9GAY_9GAZ,9GAY,9GAZ,1,0.075486936,0.8558534979820251,Y350Z
8CJQ_8CJP,8CJQ,8CJP,2,0.46291846,12.972312927246094,"H18A,A20E"
8DN9_8DNA,8DN9,8DNA,0,0.0,85.97008514404297,
2L6C_2L6D,2L6C,2L6D,0,0.0,19.742809295654297,
2M50_5T3M,2M50,5T3M,4,0.8080387,13.261723518371582,"E1G,E4G,A32K,Y33W"
2RO3_2FY9,2RO3,2FY9,0,0.0,12.602180480957031,
6E4J_6NS8,6E4J,6NS8,1,0.27300605,10.316000938415527,A2L
6AJ4_6AJL,6AJ4,6AJL,2,0.19652487,0.5715134143829346,"I43Y,4295L"
6FFU_6FFQ,6FFU,6FFQ,0,0.0,17.7530574798584,
2MMX_2MKW,2MMX,2MKW,1,0.17398642,15.764857292175293,R24G
9GDN_9G32,9GDN,9G32,2,0.8719929,7.871071815490723,"C4A,C25S"
6PIP_6PIO,6PIP,6PIO,1,0.55884236,16.04621696472168,K1R
2N7P_2NB4,2N7P,2NB4,0,0.0,8.251011848449707,
6NS8_6E4J,6NS8,6E4J,1,0.27300605,10.316000938415527,L2A
7VIK_7VII,7VIK,7VII,1,0.040052775,2.454181432723999,K346I
1HCE_1HCD,1HCE,1HCD,0,0.0,2.272797107696533,
9IVR_9IVS,9IVR,9IVS,1,0.11621001,1.7318902015686035,R146S
7XGZ_7XPB,7XGZ,7XPB,0,0.0,192.84132385253906,
2MLA_2MLD,2MLA,2MLD,1,0.3689845,1.711687445640564,K6D
9JKA_9JK7,9JKA,9JK7,0,0.0,14.241223335266113,
8GBC_8GBD,8GBC,8GBD,2,0.2682586,24.446929931640625,"S55N,P75A"
2JTS_2JTR,2JTS,2JTR,0,0.0,20.28164291381836,
8JTW_8JTY,8JTW,8JTY,1,0.061086226,0.8683544993400574,W571Y
9CHS_9CHQ,9CHS,9CHQ,0,0.0,0.5046100616455078,
2BGP_2BGO,2BGP,2BGO,0,0.0,11.56115436553955,
5U9K_5U9A,5U9K,5U9A,1,0.08204056,0.6670576930046082,F79V
8CJP_8CIQ,8CJP,8CIQ,1,0.3892504,13.146108627319336,A18H
6X8T_6X8M,6X8T,6X8M,0,0.0,26.47414207458496,
6RW8_6YEY,6RW8,6YEY,0,0.0,47.27202224731445,
1CAU_1CAV,1CAU,1CAV,1,0.040499505,62.21326446533203,U186V
8GBD_8GBC,8GBD,8GBC,2,0.2682586,24.446929931640625,"N55S,A75P"
1M4P_1M4Q,1M4P,1M4Q,1,0.120613664,24.89115333557129,P150Q
2M6Q_1PQX,2M6Q,1PQX,0,0.0,1.6824620962142944,
4CKH_4CKG,4CKH,4CKG,0,0.0,361.4299621582031,
1YJR_1YJU,1YJR,1YJU,1,0.31865773,17.738540649414062,P69A
2MHV_2KCN,2MHV,2KCN,0,0.0,19.639463424682617,
1GGB_1GGC,1GGB,1GGC,1,0.04198717,114.85841369628906,B220C
4BK5_4BKA,4BK5,4BKA,1,0.028245173,243.59878540039062,5573A
3HR2_3HQV,3HR2,3HQV,2,0.153511,1.4538084268569946,"R1060Q,21061V"
5UCE_5UCF,5UCE,5UCF,0,0.0,47.75828170776367,
1E1W_1HJM,1E1W,1HJM,1,0.17547551,6.709586143493652,K96R
3HQV_3HR2,3HQV,3HR2,2,0.153511,1.4538084268569946,"Q1060R,V10612"
7ZCG_7ZCH,7ZCG,7ZCH,1,0.072031505,10.173340797424316,G152H
8F0A_8F1U,8F0A,8F1U,4,0.056220762,69.07733154296875,"03521,A353U,05141,A515U"
2RLG_2RLH,2RLG,2RLH,0,0.0,2.6950161457061768,
1JMN_1JMP,1JMN,1JMP,3,1.074248,13.594978332519531,"F18L,Q24E,V25R"
1FAI_2F19,1FAI,2F19,3,0.047465075,2.778671979904175,"12162,A2181,I2199"
2KS9_2KSB,2KS9,2KSB,1,0.02476216,1.732357144355774,9369B
7KTU_7KTW,7KTU,7KTW,0,0.0,1.8753453493118286,
7NXI_7PGD,7NXI,7PGD,1,0.2698702,15.696080207824707,S19D
8W5U_8W5V,8W5U,8W5V,3,0.13468182,50.796817779541016,"U120V,U298V,F380K"
2H8N_2O94,2H8N,2O94,1,0.23808716,1.1273337602615356,H56F
2LHE_2KDM,2LHE,2KDM,1,0.54388565,2.9338347911834717,I25T
8WWN_8WWK,8WWN,8WWK,5,0.03886459,71.45085144042969,"N359K,N827K,N991K,N1316K,N2047K"
7DRS_7DRR,7DRS,7DRR,1,0.055685345,1.5060433149337769,R100A
7PDH_7PDD,7PDH,7PDD,1,0.018464345,13.933545112609863,H1359D
9FHP_6RTK,9FHP,6RTK,0,0.0,0.8151301741600037,
8TDM_8TDK,8TDM,8TDK,2,0.08581205,74.01899719238281,"E539K,G556V"
9GAZ_9GAY,9GAZ,9GAY,1,0.075486936,0.8558534979820251,Z350Y
2M78_2M79,2M78,2M79,1,1.2055271,1.6011571884155273,F2D
6RW9_6YEW,6RW9,6YEW,0,0.0,136.21429443359375,
8HHH_8HHG,8HHH,8HHG,3,0.1345572,0.6686742305755615,"H281G,A413E,H465G"
3L10_3L0W,3L10,3L0W,2,0.1934921,1.208873987197876,"11730,0174W"
7FEB_7FEC,7FEB,7FEC,0,0.0,59.033241271972656,
8W5V_8W5P,8W5V,8W5P,3,0.14738643,50.984397888183594,"V120P,V298P,K380N"
2K1E_2KB1,2K1E,2KB1,0,0.0,15.156587600708008,
1DJF_1DN3,1DJF,1DN3,0,0.0,13.643417358398438,
8DEE_8DEC,8DEE,8DEC,2,0.12310467,0.12348578870296478,"E444C,E962C"
8DKX_8DKW,8DKX,8DKW,2,0.1000697,1.9859058856964111,"X255W,X538W"
6SN5_6SN9,6SN5,6SN9,4,0.0,2.032417058944702,"57889,512339,513669,516589"
2ROG_2ROE,2ROG,2ROE,0,0.0,17.913177490234375,
1CAW_1CAV,1CAW,1CAV,1,0.09308815,63.35193634033203,W186V
8H96_8H94,8H96,8H94,2,0.0,70.21998596191406,"610644,617104"
2L8N_2LCV,2L8N,2LCV,0,0.0,6.702320098876953,
2JZQ_2LWZ,2JZQ,2LWZ,0,0.0,15.52863883972168,
7ROI_7RO4,7ROI,7RO4,0,0.0,46.7247314453125,
3J1T_3J1U,3J1T,3J1U,2,0.027845582,1.7791168689727783,"T169U,T671U"
7UV8_7UVC,7UV8,7UVC,2,0.10748785,1.6605039834976196,"P43L,8155C"
2AAP_1ZJQ,2AAP,1ZJQ,0,0.0,12.450373649597168,
8WB7_8WB6,8WB7,8WB6,0,0.0,3.272966146469116,
4V3N_4V3A,4V3N,4V3A,1,0.055663295,0.589431643486023,N140A
2MI9_2MIA,2MI9,2MIA,0,0.0,5.140928745269775,
9K2H_8IOM,9K2H,8IOM,0,0.0,26.551280975341797,
7ZCH_7ZCG,7ZCH,7ZCG,1,0.072031505,10.173340797424316,H152G
2MO0_2MO1,2MO0,2MO1,0,0.0,16.67039680480957,
2JWL_2JWK,2JWL,2JWK,0,0.0,1.8151060342788696,
7VAG_7VAD,7VAG,7VAD,4,0.047267847,3.1317481994628906,"G348D,94286,G684D,97646"
2KOZ_2KP0,2KOZ,2KP0,2,0.4806143,1.801126480102539,"T18F,S20K"
2JS9_2JSA,2JS9,2JSA,0,0.0,13.305219650268555,
8PBX_8PBY,8PBX,8PBY,1,0.021286173,1.0769834518432617,X1064Y
7WL8_7WL2,7WL8,7WL2,0,0.0,0.32627418637275696,
2YT2_2KUQ,2YT2,2KUQ,0,0.0,15.782304763793945,
9H5G_9H5J,9H5G,9H5J,0,0.0,58.50773620605469,
3IXW_3IXV,3IXW,3IXV,0,0.0,46.163700103759766,
4U4J_4U48,4U4J,4U48,1,0.023163663,154.3614044189453,G1178Y
2JGX_2JGW,2JGX,2JGW,1,0.2585427,1.523880124092102,Y17H
8H9R_8H9K,8H9R,8H9K,2,0.063839465,140.48324584960938,"R219K,R408K"
2K2P_2N4C,2K2P,2N4C,0,0.0,15.471092224121094,
8W5P_8W5V,8W5P,8W5V,3,0.14738643,50.984397888183594,"P120V,P298V,N380K"
2LWE_2LWD,2LWE,2LWD,1,0.2961025,2.5755529403686523,E80T
1A1W_1A1Z,1A1W,1A1Z,1,0.33521032,3.4141440391540527,Y25G
2LX3_2LX2,2LX3,2LX2,3,0.34720623,11.922012329101562,"Q10V,L20V,V21G"
2F19_1FAI,2F19,1FAI,3,0.047465075,2.778671979904175,"22161,1218A,9219I"
8A01_8A03,8A01,8A03,0,0.0,51.59110641479492,
1ATD_1ATE,1ATD,1ATE,0,0.0,1.660125494003296,
8DEC_8DEE,8DEC,8DEE,2,0.12310467,0.12348578870296478,"C444E,C962E"
5GM1_5GM2,5GM1,5GM2,0,0.0,,
1HO7_1HO2,1HO7,1HO2,0,0.0,5.266842365264893,
7VAD_7VAG,7VAD,7VAG,4,0.047267847,3.1317481994628906,"D348G,64289,D684G,67649"
2MTT_2MTU,2MTT,2MTU,0,0.0,8.189406394958496,
6LB1_6LBO,6LB1,6LBO,2,0.02968615,0.38584572076797485,"1231O,1527O"
7KAH_7KAO,7KAH,7KAO,9,0.071833715,8.737927436828613,"M90L,T185I,M294I,M450L,H485O,H670O,H857O,H1622O,H1924O"
2N2G_2M3J,2N2G,2M3J,1,0.31621397,12.17978572845459,E7Q
7BZ7_7BZA,7BZ7,7BZA,1,0.7890251,11.811616897583008,Y15F
2LX2_2LX3,2LX2,2LX3,3,0.34720623,11.922012329101562,"V10Q,V20L,G21V"
1JBN_1O8Z,1JBN,1O8Z,0,0.0,19.966354370117188,
2LZX_2LQA,2LZX,2LQA,1,0.26164156,5.900088310241699,E13Q
2KA3_2OII,2KA3,2OII,0,0.0,47.28844451904297,
8GCN_9B4Y,8GCN,9B4Y,6,0.06211294,47.163604736328125,"Q97H,T863R,88789,G879B,C8804,N881Y"
9B4Y_8GCN,9B4Y,8GCN,6,0.06211294,47.163604736328125,"H97Q,R863T,98788,B879G,4880C,Y881N"
7BZA_7BZ7,7BZA,7BZ7,1,0.7890251,11.811616897583008,F15Y
1O7C_1O7B,1O7C,1O7B,0,0.0,1.6526325941085815,
2LWD_2LWE,2LWD,2LWE,1,0.2961025,2.5755529403686523,T80E
2O94_2H8N,2O94,2H8N,1,0.23808716,1.1273337602615356,F56H
2LTB_2LTC,2LTB,2LTC,2,0.22100644,3.8421521186828613,"R56W,P135A"
9LDR_9KY5,9LDR,9KY5,3,0.03219809,46.85670471191406,"L537K,D538Y,R5395"
8V2S_8V2R,8V2S,8V2R,1,0.041560017,272.42828369140625,S204R
6CKD_6CKF,6CKD,6CKF,0,0.0,16.219331741333008,
2J53_2J52,2J53,2J52,0,0.0,0.21717895567417145,
5U9A_5U9K,5U9A,5U9K,1,0.08204056,0.6670576930046082,V79F
3L0W_3L10,3L0W,3L10,2,0.1934921,1.208873987197876,"01731,W1740"
6AJL_6AJ4,6AJL,6AJ4,2,0.19652487,0.5715134143829346,"Y43I,L2954"
